location_id,location,latitude,longitude,population_3km,household_income_proxy,footfall_estimate_index,competitor_presence_3km,rental_cost_rs_sqft_month,accessibility_index,existing_tanishq_stores_3km,existing_mia_stores_3km,existing_zoya_stores_3km,customer_spending_index,estimated_monthly_customer_spend_rs,network_gap_index,cannibalisation_risk_index,estimated_annual_sales_potential_cr
MUM001,Colaba,18.922,72.833,145000,96,58,7,650.0,92,0,0,0,96,72000,58,72,49.6
MUM002,Cuffe Parade,18.915,72.817,149813,96,58,7,662.0,92,0,0,0,96,72000,58,72,49.73
MUM003,Navy Nagar,18.905,72.808,144014,96,58,7,615.0,92,0,0,0,96,72000,58,72,49.7
MUM004,Fort,18.932,72.835,170000,94,82,9,575.0,95,0,0,1,94,70500,64,75,57.38
MUM005,Kala Ghoda,18.927,72.832,166463,94,82,9,560.0,95,0,0,1,94,70500,64,75,57.31
MUM006,Churchgate,18.932,72.826,165000,95,94,8,525.0,98,0,0,1,95,71200,70,82,64.1
MUM007,Marine Lines,18.944,72.824,172787,95,94,8,515.0,98,0,0,1,95,71200,70,82,64.42
MUM008,Charni Road,18.951,72.819,177407,95,94,8,494.0,98,0,0,1,95,71200,70,82,64.68
MUM009,Girgaon,18.955,72.819,180047,95,94,8,494.0,98,0,0,1,95,71200,70,82,64.77
MUM010,Grant Road,18.962,72.816,184667,95,94,8,481.0,98,0,0,1,95,71200,70,82,65.0
MUM011,Tardeo,18.968,72.812,166592,94,96,11,445.0,97,0,1,0,94,70500,76,88,63.39
MUM012,Mahalaxmi,18.982,72.82,177232,94,96,11,477.0,97,0,1,0,94,70500,76,88,63.67
MUM013,Lower Parel,18.994,72.826,190000,94,96,11,500.0,97,0,1,0,94,70500,76,88,64.06
MUM014,Worli,19.017,72.817,155000,98,76,8,475.0,90,0,0,0,98,73500,68,79,58.05
MUM015,Prabhadevi,19.016,72.829,165000,96,72,7,450.0,93,0,0,0,96,72000,67,77,57.01
MUM016,Dadar West,19.018,72.844,245195,83,98,13,349.0,99,1,1,0,83,62200,78,89,56.66
MUM017,Dadar East,19.019,72.848,246175,83,98,13,361.0,99,1,1,0,83,62200,78,89,56.65
MUM018,Shivaji Park,19.027,72.839,254015,83,98,13,335.0,99,1,1,0,83,62200,78,89,57.04
MUM019,Matunga West,19.027,72.856,210000,87,77,10,333.0,94,1,1,0,87,65200,69,81,50.94
MUM020,Matunga East,19.026,72.861,209159,87,77,10,346.0,94,1,1,0,87,65200,69,81,50.86
MUM021,Mahim,19.042,72.84,230000,82,69,9,300.0,91,0,0,0,82,61500,63,76,42.49
MUM022,Sion,19.046,72.864,225959,87,77,10,354.0,94,1,1,0,87,65200,69,81,51.46
MUM023,Bandra West,19.06,72.836,205000,97,92,13,500.0,97,1,2,0,97,72800,74,91,65.25
MUM024,Bandra East,19.06,72.85,215000,91,79,10,390.0,95,1,1,0,91,68200,68,82,55.73
MUM025,Khar West,19.068,72.836,188708,96,78,11,458.0,95,1,0,1,96,72000,70,84,59.29
MUM026,Khar East,19.071,72.847,224804,91,79,10,391.0,95,1,1,0,91,68200,68,82,56.09
MUM027,Santacruz West,19.084,72.841,249700,90,85,12,406.0,96,1,1,0,90,67500,71,84,57.98
MUM028,Santacruz East,19.082,72.851,247700,90,85,12,437.0,96,1,1,0,90,67500,71,84,57.79
MUM029,Vakola,19.081,72.866,392767,78,99,16,207.0,99,1,1,0,78,58500,84,90,58.22
MUM030,Juhu,19.107,72.827,175000,97,68,8,425.0,88,0,0,0,97,72800,64,76,54.19
MUM031,Vile Parle West,19.098,72.839,263700,90,85,12,399.0,96,1,1,0,90,67500,71,84,58.53
MUM032,Vile Parle East,19.098,72.847,263700,90,85,12,424.0,96,1,1,0,90,67500,71,84,58.43
MUM033,Andheri West,19.136,72.829,330000,88,98,15,320.0,99,2,2,0,88,66000,82,91,65.17
MUM034,Andheri East,19.119,72.868,315000,86,94,13,275.0,98,1,1,0,86,64500,78,88,61.13
MUM035,Lokhandwala,19.14,72.829,334752,88,98,15,318.0,99,2,2,0,88,66000,82,91,65.36
MUM036,Versova,19.13,72.815,321552,88,98,15,283.0,99,2,2,0,88,66000,82,91,65.0
MUM037,Jogeshwari West,19.137,72.849,330792,88,98,15,358.0,99,2,2,0,88,66000,82,91,65.06
MUM038,Jogeshwari East,19.136,72.858,335537,86,94,13,249.0,98,1,1,0,86,64500,78,88,61.99
MUM039,Goregaon West,19.166,72.849,354574,82,96,14,253.0,98,2,2,0,82,61500,80,88,59.3
MUM040,Goregaon East,19.166,72.861,354574,82,96,14,277.0,98,2,2,0,82,61500,80,88,59.21
MUM041,Aarey,19.145,72.884,346877,86,94,13,306.0,98,1,1,0,86,64500,78,88,62.2
MUM042,Malad West,19.184,72.834,386880,81,97,15,218.0,98,1,2,0,81,60800,83,89,60.17
MUM043,Malad East,19.186,72.856,390000,81,97,15,261.0,98,1,2,0,81,60800,83,89,60.12
MUM044,Kandivali West,19.208,72.834,380849,78,91,13,185.0,96,1,1,0,78,58500,78,85,54.24
MUM045,Kandivali East,19.205,72.87,376349,78,91,13,235.0,96,1,1,0,78,58500,78,85,53.88
MUM046,Borivali West,19.231,72.857,410492,80,99,16,190.0,98,2,2,0,80,60000,86,91,60.87
MUM047,Borivali East,19.229,72.869,407212,80,99,16,209.0,98,2,2,0,80,60000,86,91,60.67
MUM048,Dahisar West,19.25,72.853,441652,80,99,16,184.0,98,2,2,0,80,60000,86,91,62.05
MUM049,Dahisar East,19.251,72.875,443292,80,99,16,213.0,98,2,2,0,80,60000,86,91,62.0
MUM050,Mira Road,19.281,72.871,471499,80,99,16,212.0,98,2,2,0,80,60000,86,91,63.06
MUM051,Bhayandar,19.301,72.851,471499,80,99,16,181.0,98,2,2,0,80,60000,86,91,63.17
MUM052,Powai,19.118,72.906,260000,94,74,8,300.0,92,1,1,0,94,70500,76,83,60.26
MUM053,Hiranandani Gardens,19.119,72.912,261456,94,74,8,314.0,92,1,1,0,94,70500,76,83,60.26
MUM054,Vikhroli West,19.111,72.928,244510,83,72,8,220.0,93,0,0,0,83,62200,67,78,47.11
MUM055,Vikhroli East,19.112,72.936,245489,83,72,8,234.0,93,0,0,0,83,62200,67,78,47.09
MUM056,Bhandup West,19.146,72.938,335535,78,75,10,205.0,92,0,0,0,78,58500,70,80,45.69
MUM057,Bhandup East,19.147,72.949,336875,78,75,10,223.0,92,0,0,0,78,58500,70,80,45.67
MUM058,Mulund West,19.172,72.956,309256,86,82,12,230.0,96,1,1,0,86,64500,73,85,56.26
MUM059,Mulund East,19.171,72.963,308016,86,82,12,243.0,96,1,1,0,86,64500,73,85,56.16
MUM060,Nahur,19.154,72.942,346255,78,75,10,212.0,92,0,0,0,78,58500,70,80,46.06
MUM061,Ghatkopar West,19.086,72.908,345000,84,96,15,260.0,99,2,1,0,84,63000,81,89,61.27
MUM062,Ghatkopar East,19.086,72.915,345000,84,96,15,275.0,99,2,1,0,84,63000,81,89,61.22
MUM063,Pant Nagar,19.082,72.91,339480,84,96,15,264.0,99,2,1,0,84,63000,81,89,61.05
MUM064,Vidyavihar,19.08,72.897,336719,84,96,15,237.0,99,2,1,0,84,63000,81,89,61.05
MUM065,Kurla West,19.086,72.889,400367,78,99,16,243.0,99,1,1,0,78,58500,84,90,58.36
MUM066,Kurla East,19.065,72.878,368447,78,99,16,223.0,99,1,1,0,78,58500,84,90,57.25
MUM067,Chunabhatti,19.051,72.868,207603,91,79,10,437.0,95,1,1,0,91,68200,68,82,55.27
MUM068,Chembur,19.056,72.9,295000,86,82,12,255.0,95,1,1,0,86,64500,75,84,55.71
MUM069,Wadala,19.017,72.869,201599,87,77,10,367.0,94,1,1,0,87,65200,69,81,50.5
MUM070,Wadala East,19.02,72.885,204119,87,77,10,370.0,94,1,1,0,87,65200,69,81,50.58
MUM071,Govandi,19.055,72.915,286031,86,82,12,286.0,95,1,1,0,86,64500,75,84,55.26
MUM072,Mankhurd,19.049,72.932,278951,86,82,12,286.0,95,1,1,0,86,64500,75,84,54.99
MUM073,Deonar,19.055,72.909,286031,86,82,12,279.0,95,1,1,0,86,64500,75,84,55.28
MUM074,Goregaon Link Road,19.165,72.835,353153,82,96,14,229.0,98,2,2,0,82,61500,80,88,59.34
MUM075,Dindoshi,19.177,72.865,370193,82,96,14,286.0,98,2,2,0,82,61500,80,88,59.76
MUM076,Kanjurmarg,19.13,72.935,314095,78,75,10,200.0,92,0,0,0,78,58500,70,80,44.91
MUM077,Bhandup LBS,19.15,72.94,340895,78,75,10,209.0,92,0,0,0,78,58500,70,80,45.88
MUM078,Thane West,19.218,72.978,455000,84,96,16,185.0,97,2,2,0,84,63000,87,89,65.76
MUM079,Thane East,19.197,72.975,416233,84,96,16,180.0,97,2,2,0,84,63000,87,89,64.34
MUM080,Manpada,19.236,72.975,487214,84,96,16,180.0,97,2,2,0,84,63000,87,89,66.98
MUM081,Ghodbunder Road,19.262,72.971,523249,84,96,16,174.0,97,2,2,0,84,63000,87,89,68.35
MUM082,Airoli,19.159,72.998,293135,86,82,12,258.0,96,1,1,0,86,64500,73,85,55.55
MUM083,Vashi,19.066,73.0,315000,89,94,13,225.0,98,1,1,0,89,66800,84,88,65.73
MUM084,Sanpada,19.067,73.01,303659,89,94,13,241.0,98,1,1,0,89,66800,84,88,65.25
MUM085,Nerul,19.033,73.019,307632,88,76,8,158.0,96,0,0,0,88,66000,79,82,59.61
MUM086,Seawoods,19.021,73.018,293711,88,76,8,158.0,96,0,0,0,88,66000,79,82,59.09
MUM087,Belapur,19.018,73.04,290231,88,76,8,179.0,96,0,0,0,88,66000,79,82,58.88
MUM088,Kharghar,19.047,73.069,323871,88,76,8,202.0,96,0,0,0,88,66000,79,82,60.04
MUM089,Panvel,18.989,73.117,256591,88,76,8,202.0,96,0,0,0,88,66000,79,82,57.54
MUM090,Dombivli,19.218,73.087,454454,84,96,16,207.0,97,2,2,0,84,63000,87,89,65.66
MUM091,Kalyan West,19.244,73.135,501774,84,96,16,207.0,97,2,2,0,84,63000,87,89,67.42
MUM092,Kalyan East,19.236,73.129,487214,84,96,16,207.0,97,2,2,0,84,63000,87,89,66.88
MUM093,Ulhasnagar,19.221,73.164,459914,84,96,16,207.0,97,2,2,0,84,63000,87,89,65.86
MUM094,Ambernath,19.2,73.19,421694,84,96,16,207.0,97,2,2,0,84,63000,87,89,64.44
MUM095,Bhiwandi,19.296,73.063,523249,84,96,16,207.0,97,2,2,0,84,63000,87,89,68.22
MUM096,Mira Bhayandar,19.295,72.854,471499,80,99,16,186.0,98,2,2,0,80,60000,86,91,63.15
MUM097,Worli Sea Face,19.022,72.817,155000,98,76,8,475.0,90,0,0,0,98,73500,68,79,58.05
MUM098,Prabhadevi South,19.01,72.827,165000,96,72,7,450.0,93,0,0,0,96,72000,67,77,57.01
MUM099,Bandra Kurla Complex,19.06,72.868,207603,91,79,10,437.0,95,1,1,0,91,68200,68,82,55.27
MUM100,Lower Parel West,18.999,72.819,190000,94,96,11,500.0,97,0,1,0,94,70500,76,88,64.06
